{"mse": 0.390025143963955, "r2": 0.40318034127962177}